{"cameraMode":{"drawMode":0,"name":"Shaded","section":"Shading Mode"},"sceneLighting":false,"audioPlay":false,"sceneViewState":{"m_AlwaysRefresh":false,"showFog":true,"showSkybox":false,"showFlares":true,"showImageEffects":true,"showParticleSystems":true,"showVisualEffectGraphs":true,"m_FxEnabled":true},"in2DMode":false,"pivot":{"x":-0.007169237360358238,"y":0.006212745327502489,"z":0.034466587007045749},"rotation":{"x":-0.049229227006435397,"y":-0.16821910440921784,"z":0.007549511734396219,"w":-0.9846625924110413},"size":0.02441713772714138,"orthographic":false}