{"cameraMode":{"drawMode":0,"name":"Shaded","section":"Shading Mode"},"sceneLighting":false,"audioPlay":false,"sceneViewState":{"m_AlwaysRefresh":false,"showFog":true,"showSkybox":false,"showFlares":true,"showImageEffects":true,"showParticleSystems":true,"showVisualEffectGraphs":true,"m_FxEnabled":true},"in2DMode":false,"pivot":{"x":-15.60484790802002,"y":2.310871124267578,"z":6.789047718048096},"rotation":{"x":0.13932578265666963,"y":0.036359626799821857,"z":-0.0040923235937952999,"w":0.9897676706314087},"size":1.0443871021270753,"orthographic":false}